X_1,X_2,Y
2.183999008244479,-0.4591494806259925,1
-0.35866865977733875,-1.6178867865453377,1
-0.939876969847535,0.6895637695206708,0
2.4350306703483207,1.6785485547979522,1
1.4586041737473392,-1.0257987682310818,1
-2.2318582448612263,-0.4734413130959487,0
1.5197657752961247,-0.014599776046287039,1
-0.3902455342903851,-1.2326733248074362,0
-1.1497131839920676,-0.6191418773210943,0
3.9407722346982883,-0.246963624242599,1
-1.2916180334982372,-0.5652850450795881,0
0.9259435454997209,0.8441649352324202,1
1.3228250720237875,-0.772012099154607,1
0.8510655409457744,-1.1454264160723868,1
0.22504469008733474,0.33139950965342957,1
-0.14459437275985176,-1.2059608965386917,1
-1.7517970790950383,-0.5762037109276564,0
-3.023642252075079,2.2732456758270594,0
-0.6424521520454376,1.6097574599561737,0
-0.29894278148501785,0.9380672852304656,1
1.3833818841942227,-0.6345865319608733,1
0.19821391373454333,-1.215197854009209,0
0.853502424945341,0.01750853751348247,1
0.3890188224949632,1.0200255480336708,1
-1.5103559671708262,-1.325369089703683,1
-0.30989931373816426,-0.9234572475096696,0
-0.2626612510168109,-0.3058446783870865,0
0.24247861847206353,-1.1963992981705873,1
1.7206399460001012,-0.826322772318493,1
0.44724725137065,-1.1957127263366825,1
-0.7499839545599605,0.7210702589820671,1
-0.12500737325797662,0.10205130928415318,0
-0.32307713584667797,0.2683325072006024,1
-0.6894798895831405,1.1217876154094992,0
-0.4416310340413808,-0.7619894583005118,0
-1.1882027502664438,0.8601741778552064,0
0.4363217435207303,0.8019721816113445,1
-1.3532752442973772,1.6024584635344614,0
1.4280312724224973,1.6347980631450212,1
2.93826609720361,-0.47789404741742025,1
1.0637476722884158,0.8654407622251543,1
1.1149609513053844,1.6228075508454896,1
1.2307085918381393,0.5588165685534726,1
2.479687098360659,-0.8378895662724434,1
-1.483689389656313,1.8503911979281722,0
1.743476749643441,2.276057721267592,1
-1.5377123550500906,-0.36985849210294863,0
-0.48860617577679166,0.4966265685613177,0
-1.3204653900216867,-1.2152935811231367,0
1.2789274618592286,2.2299070923418527,1
0.2969075028832515,-0.520890771139938,0
-1.6373008684414616,-0.3479826085895069,0
-1.196108613335983,0.9798112873967489,0
-1.788505884346023,1.2296860365757747,0
-0.032187661494344266,0.29338619012413014,0
-1.1026999631909633,-1.7967648199990744,0
-0.792827285705443,-1.5079883737157171,1
-1.4762061891370712,1.3899004010892566,0
-0.10050582683397358,-0.834606894023777,1
1.613826178445357,-0.5901660461364211,1
-0.2534863243411194,-1.3760041012642088,1
1.7455076048540414,1.0752183248984146,1
-2.0468514962418505,0.09034790753674704,0
-1.324967450024068,-0.7160940641111189,0
-1.4160426018324344,-0.7694125892982472,0
-0.979702305477298,1.2849590297744355,0
1.058339631371855,-1.3241338017096358,1
-0.5858353627009313,-0.00013677479420493022,0
-1.2023396186356536,-1.6155531971676067,0
-0.48230074594495376,-1.4976138711245497,1
-0.20982706392100536,0.8226226513860652,0
0.6549220053816509,2.27846629826235,1
-1.5614216636000866,2.6769751434110436,0
1.2063765060951774,1.011696293584031,1
0.14530204570437244,-0.4532817638171627,1
2.9443340219457483,-0.39674724463834476,1
1.3341576147028127,1.348551236366866,1
0.06445994952793055,0.20521185542824827,1
0.8932635334535245,-0.840117083626965,1
-0.2510058798833765,-1.2546186322715986,0
-0.6702616823925133,-0.9359679367511011,0
1.106509986795544,-0.7264229995735769,0
-1.4126183653273452,1.5513499773020158,0
-0.4135602280605095,1.3318072372461924,0
1.1244762639557138,-1.5299696235785185,0
-0.9498128817347316,-0.6207757281220858,0
-1.2814502296137351,0.660344360729036,0
-0.8631796931161051,1.4158623552842458,0
0.05794350200428988,-1.420639608267293,1
-0.5490760388332265,-1.2906451092152826,0
-0.846306659686477,0.7517606713097723,1
-0.8208408796154913,-1.6298036869825245,1
0.01598349534000243,-1.615281266206213,0
-0.8838911182949847,-0.8562471105334151,0
0.10865303909343904,0.3791191996927369,0
1.0583655692982052,0.30524623167174614,1
-1.4056449981459362,-0.37757396023468015,0
-1.6441419618444617,-1.3156695853525944,0
1.2536750898973343,2.4556552246690995,1
-2.269188297805849,1.5462265466369258,0
-0.13937288189649122,0.9331935525346724,1
1.5761491026525714,-0.70726547821227,1
-0.3523276928009471,-1.8805793419425225,0
0.2155084132598899,-2.1943954679159283,0
-2.004349137383671,0.6700334444165721,0
2.078604074943586,-0.8154581148557855,1
-3.028720905010776,-0.013402883175483438,0
0.6470110913416789,-0.9874525687928123,1
0.9682348940272202,0.7778746638161088,1
1.4340286417553707,-0.9281533683327813,1
-0.23772162454067525,-1.1148288204596772,1
1.1723515640756164,-1.2962379375648014,1
2.5293776027749333,1.8652998513144277,1
-1.14935171955547,0.582154039998711,0
0.18286260894919715,-1.6579222087506937,0
-0.7353123779708931,2.2122985640271726,0
-1.6994479429963705,1.4138546356793429,0
1.4496221302249015,-0.45536395618767334,1
-1.2609252184865012,-1.2225712980266803,0
1.717490766104893,1.8086729238661938,1
1.5423544995421987,-0.7623028599705178,1
-1.4969287624728338,-1.1558753184985644,0
-0.9293934609617363,-1.408106691269564,1
-0.2091715298353296,-0.06003581687513648,1
3.224189286614478,-0.43306438818201054,1
-1.3110178532772163,-1.2560065386059507,0
-0.5714178378873045,-1.1088413920002471,0
0.9505339151061645,1.2513278551817324,1
0.2616995811064238,-1.1926316757579785,1
-0.7538919961052444,-0.9159752516431504,0
-1.5872111773076785,-1.0994387051883,0
-0.2915505518988286,-1.3714532679776175,1
0.5521039081277848,-0.6291020782297805,1
2.240336467995543,2.2266950352875368,1
-2.005687138616109,0.20351353837410513,0
-1.5015171237938891,-0.6482204383540247,0
1.4894450019670538,-0.5158239996616911,1
-1.9504300645100492,-0.5866688028829417,0
-1.368901908638071,-0.794182503755018,0
-0.5265419935971798,1.9653434447352667,1
0.11425369694297571,-0.28076985741830773,0
1.0705980918000497,-0.2346674354737639,1
0.9310736581792257,-1.1152933011215482,1
-0.388355112583336,0.8297360961621296,1
0.7760481421632393,-0.7025338291835661,1
-0.2580285192517239,-2.0102207615611167,0
0.41782111475713823,2.3824969543249446,1
-0.39646356771679614,-1.1457754462808385,0
2.249556882949146,-0.7209518747055971,1
-0.6822849688348613,-1.621552842551248,1
3.3604964171918605,-0.35466543646624693,1
0.34956813142345755,1.7212190741315558,1
-1.0081864856487777,0.03368638347794073,0
0.9508112386094915,1.0480480798985514,1
2.552537692229004,-0.4840198001052868,1
-0.9870133511700692,-1.5091726535202459,1
-1.1636009107426184,-0.2814438179421249,0
-0.046113592943052284,0.46911419468069004,1
-2.467792894493576,1.775848328149237,0
1.0984279998756685,0.44872748810374874,0
-0.07323427182668074,-0.9199454492145452,0
-0.6740436015300482,1.3044620164805363,0
-2.5963433585022972,0.10788456539564129,0
-1.7002286891017435,-0.14404278149538674,0
-0.793598303334872,0.4756620440746778,0
0.864451813478466,1.3603016603977514,1
-0.3881954001683232,-1.3860035255979617,1
-3.1809600196280035,3.2620946310105503,0
-0.6019119382255607,-0.7513942534569124,0
0.5776827090266916,-2.4248197043140847,0
-0.49135419442794337,0.6049871505054031,1
-1.9227180918343534,-0.7147585415737576,0
-2.740182329758434,2.626883168191025,0
0.5512513326198423,0.801719424356301,1
0.22686486423304064,0.7593333891170682,0
0.5306942106952766,-1.1053489800810672,1
-1.1234650522672078,0.8371145097443187,0
-1.1972386526760044,1.494168178725218,0
-0.5682848376145508,-1.3524801474617731,0
-0.3263816426451287,-1.1847766795142396,0
0.7117481813649855,-0.9992820697839073,1
-0.06655883842664878,-1.9732790272573415,0
3.2344623328973716,-0.7879917815080955,1
1.058865477460716,-1.3695976566036072,1
-1.390163027908692,1.6647837075629004,0
-1.251286385427586,1.9790681526985514,0
-1.1865799347423884,-1.2317456908024211,1
2.960044915036579,1.409072178869775,1
0.43279435275563916,-1.0808985780784983,1
2.6356302029613476,-0.8114888996772036,1
0.30234666321741777,-1.1087107937973133,1
2.562279670905132,-0.6187729969681288,1
-0.25265986162473353,0.9321283947387382,1
-1.4716561053709902,-1.014721263960113,0
0.6571341710218055,-0.4930877210275473,1
0.9155963071056957,2.7916753851344778,1
1.9750396729497806,-0.7462491324569799,1
1.687448050003406,0.21359297759316065,1
0.7260393572064361,1.1655101543726556,1
1.1635805498399083,-0.9926694471320693,1
-0.6685726710432203,-1.7452688278532205,1
2.4159693423488156,-0.6417196879241944,1
-1.6461755812293681,1.3446089644937116,0
1.0809531956482192,-1.0323755317477958,1
0.7406150377356706,-0.924635196058992,1
-0.1301661597798356,-2.5337328591721424,0
0.7957794749660911,0.4672946250684721,1
-1.2292113261086293,-1.4896148283419084,0
1.03001522134648,-1.0321408158139544,1
-0.3593111971028846,0.3426895628866846,1
-2.1370950473520542,1.8841601482924546,0
-0.45436653756946943,-1.3733944228854078,1
-1.9779151082624582,2.055468287561508,0
-0.3443780572844627,-0.95422764187354,0
-1.4301910652046637,0.1266042302928725,0
-1.038921976287879,0.44680174339887047,0
1.3027164727106009,0.6741388984442799,1
-3.00897408310871,-1.080554147567554,0
0.7402119502757785,-0.033580342601410296,0
-1.207824012674827,-0.6122258746038605,0
-3.165466134090953,2.256284870475393,0
-0.8576370540041538,1.235025947593558,0
-1.6451418835629341,-0.4078775064740283,0
1.558558800587082,1.2351438337963558,1
2.1459688983324914,-0.8698151872093853,1
-0.9320826958404201,-0.09630413466239807,0
1.4646636604425238,1.7461753695782631,1
1.2677829948423955,1.3294231225916826,1
0.9150220678432018,0.7086433786437933,1
-2.9914427923294866,2.248383286051819,0
-1.0630044848493003,1.341129928844638,0
0.22892415771993768,-1.2245170653711153,1
-1.1941193387139284,-1.9634299732464955,0
-0.5176457424893248,-1.8896788103381756,0
2.724009075723694,-0.45350196880941007,1
-0.3765547117072262,-0.0346535333052127,0
0.5598023839494035,-1.4996652052634305,1
-0.2825668968173062,-2.404498565926962,0
-0.1876342549144292,-1.4947408422215485,1
2.309218824399954,-0.6404164542284133,1
-0.5975772886576394,-1.4805328475692954,1
-1.310844989569474,1.5777312647520347,0
1.4330430825272,1.2443759397082232,1
0.34240865043120206,0.929541498956692,0
-0.4345136012241718,-1.631724404774446,0
1.50941317552771,-1.0838179408990445,1
-0.6514623928491723,-1.2633740709287982,1
-2.6655938851364107,1.812758829182244,0
1.2010913502929845,-1.1003388801086467,1
-1.489042971490452,1.2908764819095842,0
1.2511386921646328,2.221784613956706,1
-0.12696813541976604,0.3299467179417821,0
1.000865686720476,1.0298669266723466,1
-0.9263363322880309,-0.6589139022642798,0
-1.7211457009252,1.4055961312809218,0
1.0456611350065808,1.4711714864069312,1
-0.04287593367532361,-0.8813413034628066,0
0.9042143937051459,-0.7546100047558018,1
0.4592309905069609,-1.2382005783706103,0
-0.6463689389180565,-1.0171977619149073,0
2.3261830518280515,-0.5330931377537944,1
-1.298732866802713,0.8604699850610706,0
-0.651107674195089,0.15445185127999717,0
-2.164484519965946,2.4649215620716802,0
-1.6955424065128377,-0.7428607800793745,0
0.7408754531927794,-0.8696009031687401,1
-1.1008245249554724,-1.0790718023398727,0
0.34393288897538055,0.4283571009856484,1
-1.7067184803667903,-0.6576576951456341,0
1.610111576454033,-0.7450718730820028,1
0.3117506219595796,0.012039898113567205,0
0.6361490556548886,-0.16583643256597136,0
2.121484685680379,-0.7898394367555801,1
-1.7886974428215225,-0.9095119419974569,0
-0.6913052206165737,-0.2112017058091531,0
-1.047018474851769,1.4043941733698944,0
0.31155878083345034,0.1661965363752822,0
-1.6361206565401751,2.090423500830866,0
1.6877645544885396,2.309082750191812,1
-1.5246109330784954,-0.6663124869629722,0
-1.0537592048348563,-1.1333399746337927,0
-0.20561511814714983,0.3531022649788046,0
-1.2217873126539796,0.8294900959252226,0
-2.182661844613168,2.032530705710089,0
-0.04723884789869359,-1.1214195457255256,1
-0.22275786920813267,-1.2346439498743575,0
-1.0124108628764197,1.100272855601959,0
1.087663547641052,-0.9428618104058205,1
0.15639783646113115,-2.380730080415574,0
0.12820037771835768,1.5965667180739305,1
2.5710433901047622,-0.5240067193981055,1
1.594949410995374,2.1200693653784084,1
2.3169549600226684,2.1347610267790147,1
-1.2272102122618076,0.7071288761256407,0
-1.9453720858615031,1.559415122714862,0
0.7637159759402865,-0.6599844233217798,1
2.2074208414054013,-1.1656280933901835,1
-1.4534195164905066,-0.35703442054305434,0
0.6562794725445669,-2.5149240248978404,0
-1.1599227348756125,-0.6773528587628322,0
-1.2342297599075802,1.6545100126184566,0
0.7511118508170923,1.2749516459632528,1
-2.716382737217308,2.482357062393323,0
0.8609189136456246,0.9130992657346264,1
1.0220914770385552,2.4664915099087894,1
1.4611066728249107,1.8311897722991968,1
1.3582164614220884,0.35772247466930185,1
-0.9130371760422297,1.0065107448275534,0
-1.2193378821781855,1.1105225568834396,0
1.73543456274432,-0.9334563829059326,1
0.07413692616856749,-1.2455832893032022,1
-0.48809555449992725,0.6427016987877261,0
-1.8770096119671833,1.150253590326034,0
-1.1798197429995558,1.3139412144547307,0
-0.47425383307377933,-0.029412800311481746,1
-1.9620485248522224,1.621110242320524,0
-0.18104018546042944,2.4959985285409427,0
-0.9062649450526894,-1.118599950201347,0
1.434512647082006,0.6853960373939136,1
-0.5953300081487103,-1.3518763513463754,1
-1.7451727030910704,1.1718295107142185,0
0.8906236227621256,1.9910973324185217,1
-1.9628081663874404,-0.8005558756277106,0
-2.256854432608841,3.1803493235809093,0
-1.370634736676602,0.24739615297775175,0
0.8720909417476601,-1.8233696049162542,0
-0.6558822936554954,-1.3522212579154533,0
-1.9733016786277426,-0.7533495430428013,0
1.58008231797741,1.5295444835809464,1
-0.2017249188404967,0.7993795556422758,0
-1.183673206641077,1.4103961455143164,0
-0.2282358239817862,-1.0524175484028153,0
-0.8501158757598539,-1.454335279901619,1
-0.5280762502939338,-0.4026099990690204,0
-0.4410816360983659,0.9779080172525193,0
-0.15478172947262536,-0.0337391716107136,0
-0.8984254252631315,0.12958181110299427,0
1.5194339504787413,0.3827199063380339,1
2.613292942305937,-0.7154374075715311,1
1.7776825666730631,-0.7787378890680502,1
0.02392330807637344,0.8950826690251651,1
0.5305927949641746,-0.8549682102613342,1
1.2649873718019427,-1.3398248214682376,1
-2.259493523106759,2.814179553225078,0
0.9386337996560006,0.030366760695638706,1
-0.043389513830464965,-1.2673569355864753,1
-2.2416527464656837,1.919244066401827,0
-0.9371888037214703,-0.3944855094361259,0
0.2452396435092794,-1.2543292207410968,1
0.5353630586553295,1.4505658864671218,1
-0.9615481801368548,-1.4692545303124211,1
1.673433654489121,-0.8187913961285818,1
0.47883473734219195,-0.7750584776442146,0
-1.4084937429495556,-0.5044649095387179,0
-0.011357212693704044,-1.364543636671799,1
2.160493099476019,0.6779695824293075,1
-0.6603793283096518,2.155543858671036,0
-0.8951678288085164,-0.29007697076116323,0
-2.4753438143162656,1.922843979236359,0
1.5462475736125953,-0.9390541267705164,1
-2.1468582364426827,-0.7867262912933364,0
-0.1030205967995641,-0.1590488158496095,0
1.83598635908761,-0.6343596860029912,1
1.8393456203374732,-0.8672859364889127,0
0.733402724271838,-1.4787194848503273,1
0.07147731482647413,-0.04553916726737972,1
-2.1096636573676535,1.6719009747787656,0
-2.694337598395936,-0.14970020670121664,0
0.06862252884909759,0.4309161615753062,0
-2.4044979309944674,-1.5903453927312063,1
-0.7501199259263509,-1.548694076744743,1
-1.0016189642104418,-0.9470144826174702,0
1.1293302406975074,0.38816202917581377,1
1.4860584392960081,-0.2280914992542844,1
1.3909652383236453,-0.7574589731430864,1
-2.274250084089525,2.29877233655294,0
0.7144459705941542,-0.7615877522058618,1
-1.2781793251687479,-0.4987271068500333,0
1.2999435340487673,1.076897479544516,1
-2.093002127702787,-0.13894443690637137,0
-1.1652937831759533,0.5381870680266615,0
1.1236187629097216,-0.5005845194852536,1
1.364817747933054,1.3117896333228933,1
1.5494317620156233,-0.05391930001541567,1
-2.3682875069503373,1.5690453402896447,0
0.396071229974833,-2.66823742693849,0
2.614189193748807,-0.6645459638974629,1
-1.087039811676258,-0.5690033106765617,0
0.7225509231030469,0.25853785759357184,1
0.5470648029095768,-1.793227291324456,0
-1.612954976637547,-1.7255473085201893,1
1.0573676135346348,-1.0699039182467542,1
-1.6631488743384124,1.492621793410716,0
4.160154036959947,0.09566007309422231,1
1.13788294326815,-1.0679063533475952,1
-0.41257048919149053,-1.0321815181856275,1
-0.9976942843297515,-1.6610926883895791,0
-2.674229741163926,2.0892445233237487,0
-0.063109369162764,-1.519879536750114,1
0.16478018493547653,-1.3159083575971793,1
0.6936652050859413,1.0811125707715612,1
1.0444852765567114,0.5140014755000979,1
0.6257191906832467,-0.4914044647920366,0
-1.5566976242012234,1.5303014200217468,0
-0.0932977870329218,0.7592850858628867,0
1.7608201906622996,0.972508107527239,1
0.7640287723938742,0.29351537218399015,1
-1.4381945254842148,1.5648893156626382,0
1.5250154830780263,-0.8499509347497353,1
0.6447349856777942,2.0391482849272506,1
0.7170890230428746,-1.2462557397987153,1
-1.021809207704222,-0.7548401841354921,0
-0.7844331200399518,-1.3763503378599178,0
1.5792519153242255,-0.6679238144023325,1
-0.2838494235260549,-1.4573779185915237,1
-0.6284052190465065,-1.2390488072320935,0
1.5691402013503133,1.229334201866731,1
0.9532595786546063,-1.1397876359775658,1
-1.192109370690984,-1.5180852780718541,0
-0.9314409562374547,-0.8352236167026399,0
1.191602068622213,0.2199716248326986,1
1.2576324829792533,0.999714500596905,1
-0.595943227570906,-1.7606643490202507,0
-0.9581951215300677,-0.920367971318832,0
3.3679821091519204,-0.34898018572046074,1
-0.5088318899097793,-1.3900531195001045,0
1.438953175154343,0.17290528756985457,1
-0.5525503880180711,-0.485103829148805,0
2.2839431534585177,-0.6848042705072793,1
1.541942777286191,0.7163119990785893,1
-1.3042853272287656,-1.214867535553848,0
-1.4632664239433786,-0.6469860528739708,0
-0.39071992973544134,0.520866146544607,0
-2.2609759947655474,2.923810843740253,0
0.1036601583244775,0.12058051282981175,1
0.5567603717107998,-0.3079020303632123,0
-0.381384918760978,1.1429726133624825,0
1.1504839387407002,0.2167971092589709,0
-2.048154205116772,1.9259616081482136,0
-0.6933434451194531,0.08311842040230166,0
-0.2843925368263338,-1.3719623960288883,1
1.7526545650301109,1.3860595467627586,1
2.190797934153567,-0.8513152038604398,1
-1.3010425970690416,0.6588211443115591,0
0.7469591473849446,-1.0815139879378215,1
-1.1361977654140212,0.6750649111036819,0
0.4919752669687667,1.1361096246036162,1
-1.2729889935940604,0.0901544798103775,0
-1.7152938779739642,1.8700419695412596,0
-1.3194344435950502,-1.219007807864404,0
1.1997055982365255,2.01354462682125,1
1.1001567962313612,-1.2042963343972912,1
-0.7749269515002893,1.5562252914755135,0
-1.4161983967163743,1.8876115130646844,0
0.04688792429138644,-2.37334752900191,0
2.8100740030747926,0.008176138719754755,1
1.7581694153261096,0.4095877496619905,1
0.3719355595646301,2.1826649086986256,1
0.805869350553941,1.0127650011149245,1
-0.055848619685348044,1.770474426097279,1
1.6915822077662652,1.0166292060084121,1
0.8688926552607865,1.7022297848681824,1
-1.215644262251295,1.819366450267565,1
1.105996926721527,1.5011182184739127,1
0.9734408323391759,-1.0776577958990408,1
-0.710230904607771,-0.3120713446494796,0
-0.009039242942598391,-0.08230432184272396,0
2.9935268366740893,-0.7843817815962908,1
0.12444611687363039,-1.1579644850273219,1
-1.4486932537666695,1.1033820993477057,0
0.2164030793439149,-1.2054302817476859,1
-0.9318406659334469,0.32132689540275317,0
-1.2808720090528312,2.126077971283129,0
-0.20775373436941913,1.3264871211517928,1
0.3090619303316773,-1.2740210352923595,1
-0.9041976925288409,1.0394822818904148,0
1.0148458992801996,-0.9758705461209464,1
-0.15865869110818953,-1.784486476263683,0
-0.034884356458636745,0.9909542998796373,1
0.13132315856343968,1.826389538941171,1
1.0147362563007771,-0.8110507123416837,1
-1.6807090458747114,2.118857719350726,0
1.690877441627408,-0.7432006409899063,1
0.4106000442930896,2.101907271399722,1
-1.1873396182829028,0.8841337150170038,0
-1.7952858027231238,-0.7806632046378659,0
1.815714903486787,0.009409980021150122,1
0.41662168021135126,1.2969253067634585,1
-0.3494422873035552,-1.422913878103648,0
1.9579213487664031,-0.6646643634885205,1
1.4269702754960134,-2.7529787920257935,0
0.5815452409349463,0.7351495111942485,1
-1.3850188859801742,-1.8545005502716712,0
2.973037154645149,-0.552641864711106,1
2.727716205435735,-0.4757695072060315,1
1.7109814048931862,2.414157342411696,1
-0.7908006968210772,-0.9689464368610676,1
-0.3373144799201402,0.10962196002570868,0
-1.3465848505225886,2.352144734832738,0
-1.0687308417185892,0.22680697954294937,0
1.2325792517426484,-0.8245102487200977,1
1.681700975465342,1.9844322657958384,1
2.2747847779220214,-0.5392901877676479,1
-0.3324516202567219,-1.4474141360150274,0
-0.5620319096917628,-0.5964377606816123,0
-0.5522889309793974,0.2883863987032985,0
1.1007787549393724,-1.0583449943546106,1
-0.8590446312700063,0.1321434052424153,0
-1.451189948016338,-0.01895374056175403,0
0.9856133450719579,-1.1658573038420803,1
1.6688289340798321,0.6180032922375309,1
-2.1236928592396143,-2.040342597354787,1
-0.763119855467737,-1.4938088393296445,1
-0.5005339978102401,-0.7073357924585528,0
1.0238389762955291,1.6112099283438868,1
-1.9063478033692447,1.6986498973864963,0
1.8285535391326673,-0.9019829619921125,1
1.7843811521290132,-0.20199150368730567,1
0.03285344120589939,0.5669911259083036,0
-0.4965575190206031,-1.6729409167855467,0
-0.0646851404299198,-1.2247305219653668,1
-1.573649453717287,-1.3160094862716856,0
1.2190350713921925,0.6528460447674715,1
1.4104267508988264,1.9458310455477137,1
-0.2499936597212531,0.6847933744264824,0
0.48948859645100895,-0.06664565750686058,0
1.7036951466989496,1.478317382343439,1
-0.593369453538585,-0.22745207417165714,0
-1.6219049239397394,-0.4172035871327944,0
0.6924649458340977,0.7760507053189907,1
0.5632398145192651,1.4046289586447769,1
-2.1097984704259503,-1.310577802859342,0
-0.7029195677198138,0.8556557333806174,0
-0.5079559674724408,-1.398990855387847,1
-1.6792072557568076,2.34210621748944,0
0.3919433265973271,-2.4075598587407265,0
0.6594320253872065,0.13558947882125627,1
-1.8936423614845708,1.9922669721853765,0
-0.45706377472806914,-1.3073616575584555,0
-1.286135380037705,-1.0806329331427387,0
-0.6342699946773434,-1.5403317979877134,1
-1.8078211283279715,-1.3875471120888812,0
-0.6855401050486392,1.5985585370051822,0
-0.8743473649817396,-0.6621971931914334,0
-1.0721627233272297,0.6920261201228565,0
-0.5908365384143726,-1.592301224221833,1
-1.4197179646489966,1.0339848878203135,0
0.914148940197224,-0.5637886570152693,0
0.5537013100238799,-1.0208531957276785,1
0.8639309242423592,1.8425734800843077,1
0.5608202776792515,-1.2367937257926267,1
-1.5641756340350783,-1.6041384061562467,1
0.8031232978391317,1.5805854483488941,1
0.2891854466306407,0.5865274220826613,0
0.2856832155024005,-2.3069841937979687,0
1.6380813735423714,-0.6957049541138716,1
0.7742020509816662,-0.9010594446219558,1
1.0484208851989776,-0.8339068516414889,1
-0.4946885230636552,-0.4854626382720787,0
0.8556650420877461,-1.0584488967594432,1
2.4494155851666783,-0.6513399973404546,1
3.323484958186456,-0.5378480699442867,1
1.8786072823491407,-0.5671123386886799,1
-3.0460997593328774,0.02172222636783072,0
-1.065375269805103,0.5677627687496283,0
1.7900956432909334,0.3889123567237359,1
0.5261429392996808,1.594540185653365,1
1.7612896561801028,1.5344323608559147,1
-1.187509728015757,0.6876543307946956,0
1.1950553469544072,1.1668908494788344,1
-2.8157382672572027,-0.748740433878042,0
-1.2479274590925,1.097681871694499,0
1.2582214336815611,0.828516276290478,1
2.0342696079420937,1.3565845327005772,1
0.9597913353712966,0.49913901584145304,1
-3.0502714713147276,2.6474131771987537,0
-0.39819397296952586,-1.2660037005188203,0
1.2679816790400773,-1.108357276854268,1
1.7927513691513255,0.4050858978157612,1
1.1168207817708318,0.26745465950688474,1
1.5600700997289798,-0.9106673119405235,1
2.0552905914608726,-0.8145105099538148,1
0.625106774049172,0.9160722720665896,1
-1.5448672234738456,-0.47720850661189285,0
1.0445629705611366,-1.021721865450425,1
-1.488334934551243,0.7767962664922758,0
0.2706742816947373,0.8301916475408655,1
2.017270650708261,-0.6734638540989235,1
-1.0141239762357037,-0.37228619169911925,0
0.5678022566672991,-1.4343948226246863,0
-1.07424674842726,-0.9155474199510637,0
1.6809987299215845,-1.0670758213346991,1
0.4737081009770776,-1.8071331786780305,0
-0.11382107922020879,-1.9032960098318275,0
0.014840101957356744,-0.4279266769551231,0
-1.4058971053011804,1.3677320432913587,0
0.3609817635518009,-1.1567616327407944,1
3.2509095835015636,-0.43447867332374823,1
-1.0787463418560435,-1.0991260626328707,0
0.9316669382835424,-0.9733493290691881,1
-1.2719882092784602,-0.6734570164254179,0
0.9986153249491471,1.605882675258722,1
-0.8917949208227595,-0.7540335312943258,0
-0.6199751847079467,-1.4602409421515534,1
-1.4449404480235537,0.8759701504044011,0
-0.054161219644994985,-0.20036669894806547,0
1.3684021370520307,-1.0343157037031017,1
-2.055191336195146,-0.08978783598959739,0
-0.5492426725555741,0.2649415622977429,0
-0.5243618991250238,0.23523727772319702,0
0.36514275755082437,-1.1984219327497718,1
-1.1543505306467565,-1.5421861051078318,0
0.33924709265637043,-0.4676810690064992,0
1.7432477369905515,-0.7549721005842779,1
1.4743308815329743,-0.9723563741738105,1
-0.045739070589273845,-1.654739381784288,0
1.1231617322457064,-0.9118228107820865,1
-0.07173826469662115,0.5430544214260464,0
-0.6179923543393906,0.7722902606236459,0
-1.21119219547064,1.1680103106469182,0
-0.40259954759929584,0.2829322130663223,0
1.2301781050625133,-0.8459825482219692,1
1.2851572477515156,0.6552364220062219,1
0.7471188937705717,0.458974745428943,0
0.7991893017585195,-0.8671155719768796,0
0.4031910138509387,-0.9205638974904243,1
-1.6327567097565021,2.175636871411591,0
-2.575257901876296,1.717719576834426,0
-1.5680567579126228,-0.7205149463486402,0
1.2659055884462909,-1.0608531837841684,1
0.39352188118360765,-0.8656568493225694,0
1.2380457126473159,-1.2950437621561934,0
-1.4630266733259096,-0.5392016250969147,0
-0.07402098346792885,0.6334807190241639,1
-0.9266684821727802,0.3469866931655272,0
-0.8047944199400944,0.8361775752651841,0
-2.0018390682601774,0.608187369533904,0
-1.7433670746945502,-0.9813726142653654,0
1.556778152732054,2.0661973620789444,1
-1.1310176623667103,1.3642932583861462,0
1.6867379725963627,1.9747860438741247,1
0.6509905452134467,-1.2130668489107423,1
-0.6985383539955121,-1.2278701824033822,0
-0.6855452090571106,0.6216869277451377,0
0.6919898164019034,0.1008621862594773,0
2.088950089235996,-0.4935924926494516,1
-0.07254053992903631,-0.1411241144891966,0
-0.7046160152874066,-1.3746183122056541,1
-0.9045290050053988,1.6203975805879363,0
-1.3253943395769707,1.7146196501580286,0
1.3885689717094456,0.9711744147201935,1
0.2412228134651977,-1.1189297342269688,1
0.5820281864487342,-0.05666396434896659,1
0.04023494730308441,-1.256121581339959,1
-0.05680068818974304,0.2740135350647822,0
-0.15939317337519388,0.8875217110369797,0
-0.1317666878017345,-1.8803398356445995,0
1.756924132581629,-0.6642214562802315,1
-0.10437289413044526,-1.5590309316258726,0
2.105214964916965,1.2432155720893043,1
0.5675258939378224,1.4519499410499503,1
-0.2824302568855974,-1.361618176255122,1
1.6541853290130195,0.7620266113243405,1
2.485132405182888,1.0242464202263202,1
0.07357027233595348,-1.0712619335771696,0
-1.2898147971916851,1.1959373871490842,0
-1.5461303074297705,-0.8950551570773271,0
-1.0427361613700619,1.7254640146145093,0
0.9647981825691305,1.2071893382046688,1
-0.7951676534595487,0.7928853911557204,1
2.029616482802039,-0.9671111813097445,1
0.03962122601806273,-1.4786507923022718,1
0.24116750455881175,-0.5192290090346523,0
-2.5370164023192805,1.0638792693943357,0
1.117235806199695,-1.0597614174460839,1
-0.15001393751631342,1.2682337346850956,1
2.0508728430870686,3.220231668795914,1
-1.1686102540450276,1.3097099660536147,0
-0.5273034548101541,-1.6746952714946102,0
0.5227198847482009,-1.4821855006719158,1
1.3175794167178871,-0.72390760446671,1
1.2257014931948436,2.2540311465037854,1
1.1198940182676673,-0.9653249438326874,1
1.7977453765711435,-0.7133879798549561,1
0.20286712511492555,1.8157843544509584,1
-0.026468662443106528,0.06667214591446624,0
-0.3806559386128264,-0.953564453259816,0
-1.393713183760528,1.0354745026761933,0
2.0006276716241786,-0.6295624989017194,1
1.0018926197435891,-0.3736400524128316,1
1.7412759556278818,-0.8275591570405918,1
1.2003008870256868,0.3310582973736018,1
-0.9447091331966573,-0.7073365728209999,0
-1.2227866894853667,-1.1553938481138568,0
1.851957980543515,0.5364065612435633,1
-0.24630652913216955,-1.5159872744000058,1
-2.747275351885266,2.5180682845731055,0
-0.630326363709542,-2.0334159045541313,0
1.5233858280131187,-0.7207487360594489,1
2.2153832308570536,1.3689366689539464,1
-1.3692155730372904,-1.0397649548231493,0
3.362654091953423,-0.4563429194140848,1
0.5574884451333721,1.193568137058156,1
1.1127285686554134,0.9981164469338738,1
2.110837666824107,1.7881801190120332,1
-0.7167471961898535,1.840457551194433,1
0.37651023669209405,0.718236084742368,0
-1.5322249600779612,1.6415691378442716,0
-0.7970565025855587,-1.362258156118505,1
-1.313090569966609,1.8519497435478947,0
2.4440659095851216,-0.6775554860948627,1
1.2663451404483763,1.4777027161721061,1
-0.21932647099292768,-1.2653923876480633,1
2.5177981734861015,2.6738018161916433,1
1.2506939004823125,0.17657686699537267,1
-0.46123277210067204,0.9682432184430739,0
1.116635042969124,1.8240273548564865,1
2.521710244843639,2.0887425853524597,1
1.735523983015121,0.7824611296099944,1
0.5105603496570654,1.7606242173061657,1
-0.7505298486546841,0.7808889506258619,0
-1.3010650487768827,0.5136910036449408,0
1.4616310283721439,0.5118870390425367,1
-0.7814544304220546,-2.2815776890079498,0
0.4929189908227778,-0.9504491596216182,1
0.9805955718637823,-1.1396221556851853,1
-1.28921940693826,1.033488833812437,0
-0.6790385725296453,0.6968908283930109,0
-1.4903376034779314,-1.415247650790508,0
-1.5414646843029722,2.5999662481509844,0
-1.062351922133145,-1.2951824402128782,0
-0.07503578921970666,-0.6784448499789667,0
-2.3643311461711995,2.0406441244090114,0
-1.2244056961156793,-1.6942837899799814,0
1.309870657841047,-0.9583820856214487,1
0.9739772096397836,0.4580775885105569,1
-0.5216578591797159,0.28841388074616725,1
0.42596254744784634,-1.4013170294037782,0
1.6592046944626522,0.5038642533504689,1
0.937075303500922,-0.5257709260054186,0
-1.8596829189667108,-0.0693081847337248,0
0.8475514919519216,1.8952368307214045,1
-2.214511629401231,-1.8496270838178526,1
-0.19565464624106232,-1.0682932791332564,0
-1.2408024490645209,0.9768303611893345,0
2.6136792627578216,0.5940312531571896,1
1.0613023895169886,1.6288128406377667,1
3.1306311333690005,-0.7929393940889506,1
2.2696951867863353,-0.6388018723784882,1
2.572163878686897,2.212619817321218,1
-3.002915324072143,3.2886040817187805,0
-0.5875522370786934,-0.531915743532165,0
1.3298467458492578,1.3317364398896594,1
-1.848145815994079,-0.6922210714588242,0
-0.7264679413878253,-1.0481105091031466,0
0.8715016990875307,1.1026902416228357,1
0.30950689285107025,-1.290958642144099,1
-0.5363294808253616,-1.2477643104787535,0
0.6852238028243838,-0.9680708165803709,1
-0.7739169984832113,-0.7718526771795715,0
-2.253145682436738,0.17975349085874037,0
-0.16691607324235125,-0.43102802298555476,0
1.7395224139609846,0.7482180390051607,1
-1.2731524517810917,-1.2637310305909648,0
0.2704342649948541,2.495120359399266,1
1.4163420124471555,1.1616618002653336,1
-0.11869319608830797,-0.08321897161145597,0
0.731036703526324,0.43235876886319835,1
1.1726107639499315,0.3486633182629667,1
-0.4151861958397569,-0.7937375108182756,1
2.4773391846263477,-0.5623491360151947,1
1.2164837908393367,-0.8600464467126352,1
2.207225399213894,-0.5694741000466659,1
-1.5954256176435235,2.1553446727244276,0
-1.0739884734251983,-0.93238526025146,0
1.9613764932341837,-0.7517829251337963,1
1.5591642573804239,-0.733358100500113,1
0.537090373005646,-1.0133654641131984,1
-2.004970896419021,-0.5032386572919774,0
-2.32423414987674,-0.32169872658471943,0
-0.41357326102448,1.7054792006646422,1
0.9487331001234766,-0.952547288935988,1
-1.3835162508905934,-1.6648298388744516,0
1.1551712544821604,-0.6038778228169797,1
-2.09026836988291,-0.2652333490662063,0
0.33596444725572117,-1.570476219046142,1
0.4151556744340599,2.04093003838414,1
-2.7324066975522476,2.38375407883433,0
-1.917060422925085,-0.1446313624013711,0
1.2375444687257269,1.6282205158702743,1
0.06585965829600049,-1.8005743931734413,0
-2.006282373258022,-1.7226520115253479,1
-0.9805240248302914,0.02575852439842974,0
-2.4240501483052617,-0.5173052104491007,0
0.030295953291329614,-1.7282064552330239,0
0.21095675038631712,-1.1017532915944799,1
-1.1458857026559122,0.9249404320664318,1
0.5194450503125723,0.005389476348267697,0
-0.5188732863856477,-0.0770369575674884,0
1.2636884871031762,1.0838255716504481,1
-1.833296226600769,1.203401019653601,0
-1.8841131716784387,-0.6526248397604153,0
0.6100026610720966,0.6801365725818929,1
-2.530755559220845,1.730117916957913,0
0.8909543268904686,0.2534950982214912,1
0.12223094462961992,-0.55304805877909,1
0.08397172118988205,1.1817082956832041,1
0.27100369899589505,-1.4359092295301394,1
-2.37893703441696,-0.47059785158741374,0
1.2326416515983576,-0.49162712645101336,1
-2.441757206334598,2.8280370945020956,0
-2.388087584549123,2.2900727494236763,0
1.432525070006729,1.6957681611469324,1
-0.31388522353337356,-1.346819495945428,1
1.7863565521979425,-0.1215251954103238,1
-0.3313104973178662,-1.75501374672176,0
-1.0943802996535328,1.7997599733840282,0
-0.5347829477719958,-0.09965776184169362,0
0.11404895230855416,-1.1519747992535805,1
-1.0521245463510878,-1.439272359130891,0
-0.3063461390829877,-0.5451330581762669,0
-0.5672300015549332,-1.4774669920886967,0
-0.3891721977544689,-1.9113201423423336,0
-0.3461763192418432,1.6167529012107456,1
-1.0908657298053421,-1.0622133018095494,0
-0.6076132697739877,-1.5410051393124982,0
1.2231692758163772,-1.101190285516405,1
1.2938819674366555,0.6972731589225494,1
-0.7633042123770315,-1.5355490708254163,1
-2.1763524563391883,2.453193384247583,0
1.537881960774072,-0.5339924337679727,0
0.7472268423780564,-1.28680289798407,1
-1.8881697167519518,1.0392276864435015,0
-0.352772069040697,0.5533179943167787,0
1.0412054446658638,0.08724065749653032,1
0.6722586152738466,-0.8157582774974464,1
1.9733744415410797,-0.7996965469977007,1
1.4050855385924097,2.551535932747675,1
-0.7025479319563592,0.3895719697314697,1
-0.4808844609563644,-0.4262642613106231,0
1.7341818525066957,-0.8004562236120086,1
-0.5736532083070918,-0.7811257431293077,0
-1.3507640260447804,-0.7166106918137729,0
-0.17648918693314775,-1.490777679261568,1
2.8124388655752326,-0.5239548545972976,1
-1.4277845112060232,-1.5056796878396534,0
-0.11295273630465441,-1.9818913295204896,0
1.8836149704250214,2.0266004792391445,1
-0.7102281426058159,-2.2430326962369245,0
-1.4404005376299047,1.775536365205732,0
0.7887093419497785,1.028626374616284,1
2.122330106187797,1.2237462572310354,1
0.2594704322655941,-0.7891072313236442,0
2.0014325674400193,1.1868397443043064,1
1.167048783993272,-1.1280691856336336,1
1.4982432118242701,-1.2393491297901567,0
2.3079402034507615,-0.49191707257725514,1
1.013729080623491,2.3830003662741,1
-0.08631466180005476,-0.13389219358986537,1
-0.4493222274830765,-2.2068577543864945,0
-1.8548069106566198,2.213523959471401,0
0.6269229333141126,-0.830933691444329,1
1.4552587844647138,-0.9631007173462942,1
-2.1184548059787076,-1.8001247582427276,1
1.8664039410583493,1.5121954754757978,1
1.3891608880412631,0.5545149805070693,1
-2.0898009795865917,1.573001201495992,0
2.4836284130001074,1.6436639653852896,1
0.030737602486857307,0.07432428713547268,0
0.901084560393507,2.272255979711665,1
-0.9211577938348665,-1.4715882025445621,1
0.726986683021507,1.4751446144911484,1
-0.010372423187432256,0.7875041769730967,1
-2.341168233034196,1.523586649921674,0
-1.2948187216337694,1.7276002652393303,0
0.5546334770395703,-1.2817675587611759,1
0.7997314718396271,-0.4745510976119143,1
-0.45184316063844676,-1.505169133963137,1
0.739850036415296,-1.2366893503709349,1
-1.688653736764913,1.674361444653814,0
1.3791151609146408,3.429453242271556,1
-1.1403018976738493,0.8620713999112075,0
0.0008138558149275443,-0.16423527785188985,0
-2.333734916887707,-0.2721680870325094,0
1.3495341302389716,3.475835210910131,1
-1.5474662540529311,-0.834815644401765,0
-0.6127085171295863,-1.230840356840218,0
2.644078344121609,1.8428777577958617,1
0.963440045413648,2.794347863324405,1
1.1903010847696662,1.8624326059334244,1
-1.0880456247507493,-1.8443287453101205,0
-1.2607814009049076,-0.5774477621138897,0
-1.1087146095075506,-1.3700394667536007,0
-1.624689637622204,-0.6954684115597562,0
1.6939011022336485,0.5167914499497447,1
0.6614359999531718,-1.10770628199458,1
-1.128477874290619,-1.538484467572852,0
-1.1195665957474539,-2.258024388427076,0
-2.4819317307874615,-0.4418322279403528,0
1.6431223626424327,-0.7982439515770551,1
1.4623703489038564,0.4870208009290281,1
-1.001575649293577,-1.842309424609056,0
0.15877250311957636,-1.376434763732806,1
1.109148334916856,-1.115473688538564,1
-1.1596865192526544,0.10831084609744335,0
0.8257252689174843,0.9738179441172464,1
-1.137458496167089,-1.168978489113467,0
-1.2891312291896502,1.2996552565690123,0
1.4862873433164472,-0.8791017855171638,1
-0.4575299645309232,1.6855630036554154,1
1.3940813433220876,0.7907050029350945,1
1.3920263849665515,1.3381595619622764,1
1.452881594107872,-1.141771436975866,1
-1.5731948605557533,-0.7735137446105637,0
-0.31352623407698577,-1.9362776980132481,0
-1.819934531705445,2.2115924196528365,0
0.8453957857346853,-1.054054688192817,1
0.6676129305736669,-0.15774183389152396,0
-0.41875918075695795,0.696306039255181,0
-1.3002002087916869,-1.054726504899199,0
-0.9176399894972689,-0.34690414485877796,0
-0.40040490833592135,1.0626574942146272,0
0.5965175115129253,0.9094523313483123,1
0.8809086295523294,0.7873944957799436,1
-0.19834501013320416,-1.3666134746312282,0
0.5564941770947917,-1.3220009070984502,1
0.02432882168709649,-2.2091090085726792,0
0.07886559217851652,1.2559700019400306,1
0.8291706963716969,-0.34406390096698014,1
-0.470334648388139,-1.2984308771470467,1
-1.7446366692245416,-1.5207019656514902,0
0.8629205742765298,0.05673024897039558,0
0.670740268424384,0.3720218428254696,1
-1.3278359751717377,-0.8478396616574299,0
0.14235172473424318,-0.8018409410527767,0
1.7304090862329413,-0.9125525900199402,1
-0.6573217586443832,-1.1593566838750575,0
-1.3804043042284708,1.2909545959332034,0
-0.9235016909882412,0.05032699345867164,0
-1.5783913331282986,0.7919845319757877,0
-1.5494817534311935,-1.448637956612325,0
0.7209134019457972,-1.1011716401787874,1
-0.8520986021079948,0.15916245508953142,0
2.3324966876819877,-0.5757058729933439,1
2.2157259745777944,-0.8121562805338103,1
-1.1080006561877982,1.3604644092372933,0
0.34634960309674934,-0.9580831956938344,1
-1.6799170755328703,-0.5271824843807997,0
-1.9530729198828163,1.0322855666118245,0
-0.6701665064567168,-0.9618055073438475,0
-1.6566971999374003,-1.0542338577654304,0
0.7912537513704976,1.238893839333958,1
0.19272143367286698,-0.8024562068929175,1
2.504047360511275,-0.3908550305489523,1
-1.1013289544710538,-1.5659456080349563,0
-0.04924753230054091,0.874847050598408,0
-1.231658805357449,-1.7347497927028313,1
-1.4771252264309562,-0.6487831145712759,0
0.04152346689014896,-1.2184275500109338,1
-1.4313155137604723,-1.383399437616978,0
1.4769871281221614,0.04822476515071672,1
0.014186765689504499,1.5675944496053846,0
-0.10762729263097348,0.06642696419690364,0
-1.707739130938273,1.5026562356626276,0
-1.1865654924302125,1.3585527772237014,0
-0.15431456172945657,-1.7565023918673914,0
1.34260804214779,-0.7710806061618386,1
1.9071344226996096,-0.7534325001776634,1
-0.35772712383155225,-0.49085950963555725,0
0.6788504544529029,0.6955701550061089,1
-0.5511253236193796,-1.225089455433309,1
-0.25756219515487455,0.34601672718313425,0
-1.7256463183791078,-0.6122690698260256,0
-2.0981537740050626,-0.7112701384009494,0
-0.41435038890710485,1.2382915060303052,0
0.6760538256185337,-1.461530017107683,1
1.2190491746538732,0.3314454607040267,1
0.03194656278718977,-2.001140879368198,0
-1.107901020315251,-1.1968396373766936,0
-0.7724320569057642,0.6480990307014247,0
-1.8010536370973877,0.31010952392503444,0
-0.7010497150444253,-1.4994087007241281,0
-2.3190570595716387,2.0097784256840647,0
1.6708250846501767,-0.6279647555137284,1
-1.4763400261121764,-0.6056814074581718,0
0.9452973123437938,0.94928691695095,1
1.7816379117931396,-0.5777096401920951,1
-2.719391338443534,-0.39628926329269276,0
0.5857316978148879,0.7664512339001717,1
-0.3076089649079432,-1.7798932893706498,0
0.15823660708066378,-1.7281530616066614,0
1.1855932562659228,-0.6568238456106557,1
-0.8488088108868427,1.7386297958464374,0
0.3980769956699941,-0.9253365584729281,0
0.3787745716226174,0.2182407513333483,0
-0.7094709170754752,0.17491274993444017,0
0.06555545272603991,-1.4533688006495298,1
1.016990269984446,-0.9736320400262972,1
0.8147446420911707,-1.3028979533484915,1
-0.9599114701532894,-0.669142377288658,0
